<?xml version="1.0"?>
<!--
    ***** BEGIN LICENSE BLOCK *****
    
    Copyright © 2009 Center for History and New Media
                     George Mason University, Fairfax, Virginia, USA
                     http://zotero.org
    
    This file is part of Zotero.
    
    Zotero is free software: you can redistribute it and/or modify
    it under the terms of the GNU Affero General Public License as published by
    the Free Software Foundation, either version 3 of the License, or
    (at your option) any later version.
    
    Zotero is distributed in the hope that it will be useful,
    but WITHOUT ANY WARRANTY; without even the implied warranty of
    MERCHANTABILITY or FITNESS FOR A PARTICULAR PURPOSE.  See the
    GNU Affero General Public License for more details.
    
    You should have received a copy of the GNU Affero General Public License
    along with Zotero.  If not, see <http://www.gnu.org/licenses/>.
    
    ***** END LICENSE BLOCK *****
-->

<bindings 	xmlns="http://www.mozilla.org/xbl"
			xmlns:xbl="http://www.mozilla.org/xbl"
			xmlns:xul="http://www.mozilla.org/keymaster/gatekeeper/there.is.only.xul">
	
	<binding id="note-editor">
		<resources>
			<stylesheet src="chrome://zotero/skin/bindings/noteeditor.css"/>
			<stylesheet src="chrome://zotero-platform/content/noteeditor.css"/>
		</resources>
		
		<implementation>
			<!--
				Public properties
			-->
			<field name="editable">false</field>
			<field name="saveOnEdit">false</field>
			<field name="displayTags">false</field>
			<field name="displayRelated">false</field>
			<field name="displayButton">false</field>
			
			<field name="buttonCaption"/>
			<field name="parentClickHandler"/>
			<field name="keyDownHandler"/>
			<field name="commandHandler"/>
			<field name="clickHandler"/>
			
			<!-- Modes are predefined settings groups for particular tasks -->
			<field name="_mode">"view"</field>
			<property name="mode" onget="return this._mode;">
				<setter>
				<![CDATA[
					// Duplicate default property settings here
					this.editable = false;
					this.saveOnEdit = false;
					this.displayTags = false;
					this.displayRelated = false;
					this.displayButton = false;
					
					switch (val) {
						case 'view':
							break;
						
						case 'edit':
							this.editable = true;
							this.saveOnEdit = true;
							this.parentClickHandler = this.selectParent;
							this.keyDownHandler = this.handleKeyDown;
							this.commandHandler = this.save;
							this.displayTags = true;
							this.displayRelated = true;
							break;
						
						case 'merge':
							this.displayButton = true;
							break;
						
						case 'mergeedit':
							// Not currently implemented
							// (editing works, but value isn't saved)
							//this.editable = true;
							this.keyDownHandler = this.handleKeyDown;
							break;
						
						default:
							throw ("Invalid mode '" + val + "' in noteeditor.xml");
					}
					
					this._mode = val;
					document.getAnonymousNodes(this)[0].setAttribute('mode', val);
					this._id('links').mode = val;
				]]>
				</setter>
			</property>
			
			<field name="_parent"/>
			<property name="parent" onget="return this._parent;">
				<setter>
					<![CDATA[
						this._parent = this._id('links').parent = val;
					]]>
				</setter>
			</property>
			
			<field name="_mtime"/>
			
			<field name="_item"/>
			<property name="item" onget="return this._item;">
				<setter>
					<![CDATA[
						this._item = val;
						// TODO: use clientDateModified instead
						this._mtime = val.getField('dateModified');
						
						var parent = this.item.getSourceKey();
						if (parent) {
							this.parent = Zotero.Items.getByLibraryAndKey(this.item.libraryID, parent);
						}
						
						this._id('links').item = this.item;
						
						this.refresh();
					]]>
				</setter>
			</property>
			
			<property name="linksOnTop">
				<setter>
					<![CDATA[
						if(val) {
							var links = this._id('linksbox');
							var parent = links.parentNode;
							var sib = links.nextSibling;
							while(parent.firstChild !== links) {
								parent.insertBefore(parent.removeChild(parent.firstChild), sib);
							}
						}
					]]>
				</setter>
			</property>
			
			<property name="note"
				onget="Zotero.debug('Getting note with .note deprecated -- use .item in zoteronoteeditor'); return this._item"
				onset="Zotero.debug('Setting note with .note deprecated -- use .item in zoteronoteeditor'); this.item = val"/>
			<property name="ref" onget="return this._item" onset="this.item = val"/>
			
			<field name="collection"/>
			
			<property name="noteField" onget="return this._id('noteField')" readonly="true"/>
			<property name="value" onget="return this._id('noteField').value;" onset="this._id('noteField').value = val;"/>
			
			<method name="refresh">
				<body>
				<![CDATA[
					Zotero.debug('Refreshing note editor');
					
					var textbox = this._id('noteField');
					var textboxReadOnly = this._id('noteFieldReadOnly');
					var button = this._id('goButton');
					
					if (this.editable) {
						textbox.hidden = false;
						textboxReadOnly.hidden = true;
					}
					else {
						textbox.hidden = true;
						textboxReadOnly.hidden = false;
						textbox = textboxReadOnly;
					}
					
					//var scrollPos = textbox.inputField.scrollTop;
					if (this.item) {
						textbox.value = this.item.getNote();
					}
					else {
						textbox.value = ''
					}
					//textbox.inputField.scrollTop = scrollPos;
					
					this._id('linksbox').hidden = !(this.displayTags && this.displayRelated);
					
					if (this.keyDownHandler) {
						textbox.setAttribute('onkeydown',
							'document.getBindingParent(this).handleKeyDown(event)');
					}
					else {
						textbox.removeAttribute('onkeydown');
					}
					
					if (this.commandHandler) {
						textbox.setAttribute('oncommand',
							'document.getBindingParent(this).commandHandler()');
					}
					else {
						textbox.removeAttribute('oncommand');
					}
					
					if (this.displayButton) {
						button.label = this.buttonCaption;
						button.hidden = false;
						button.setAttribute('oncommand',
							'document.getBindingParent(this).clickHandler(this)');
					}
					else {
						button.hidden = true;
					}
				]]>
				</body>
			</method>
			
			<method name="save">
				<body>
					<![CDATA[
						if (this._mode == 'view') {
							Zotero.debug("Not saving read-only note");
							return;
						}
						
						// Update note
						var noteField = this._id('noteField');
						if (this.item) {
							// If note is reselected automatically after save
							// from external note window, don't overwrite content
							//
							// TODO: use clientDateModified instead
							if (this.item.getField('dateModified') != this._mtime) {
								Zotero.debug("Note has already been changed", 4);
								return;
							}
							
							this.item.setNote(noteField.value);
							if (this.saveOnEdit) {
								this.item.save();
							}
							return;
						}
						
						// Create new note
						var item = new Zotero.Item('note');
						if (this.parent) {
							item.libraryID = this.parent.libraryID;
						}
						item.setNote(noteField.value);
						if (this.parent) {
							item.setSource(this.parent.id);
						}
						if (this.saveOnEdit) {
							var id = item.save();
							
							if (!this.parent && this.collection) {
								this.collection.addItem(id);
							}
						}
						
						this.item = Zotero.Items.get(id);
					]]>
				</body>
			</method>
			
			<!-- Used to insert a tab manually -->
			<method name="handleKeyDown">
				<parameter name="event"/>
				<body>
				<![CDATA[
					switch (event.keyCode) {
						case 9:
							if (event.ctrlKey || event.altKey) {
								return;
							}
							
							event.stopPropagation();
							event.preventDefault();
							
							// On shift-tab, focus the element specified in
							// the 'previousfocus' attribute
							if (event.shiftKey) {
								let id = this.getAttribute('previousfocus');
								if (id) {
									setTimeout(function () {
										document.getElementById(id).focus();
									}, 0);
								}
								return;
							}
							
							// Insert tab manually
							//
							// From http://kb.mozillazine.org/Inserting_text_at_cursor
							try {
								var command = "cmd_insertText";
								var controller = document.commandDispatcher.getControllerForCommand(command);
								if (controller && controller.isCommandEnabled(command)) {
									controller = controller.QueryInterface(Components.interfaces.nsICommandController);
									var params = Components.classes["@mozilla.org/embedcomp/command-params;1"]
										.createInstance(Components.interfaces.nsICommandParams);
									params.setStringValue("state_data", "\t");
									controller.doCommandWithParams(command, params);
								}
							}
							catch (e) {
								Zotero.debug("Can't do cmd_insertText!\n" + e, 1);
							}
							
							// DEBUG: is there a better way to prevent blur()?
							setTimeout(function() { event.target.focus(); }, 1);
							break;
					}
				]]>
				</body>
			</method>
			
			<method name="focus">
				<body>
					<![CDATA[
						this._id('noteField').focus();
					]]>
				</body>
			</method>
			
			<method name="clearUndo">
				<body>
				<![CDATA[
					this._id('noteField').clearUndo();
				]]>
				</body>
			</method>
			
			<method name="_id">
				<parameter name="id"/>
				<body>
					<![CDATA[
						return document.getAnonymousNodes(this)[0].getElementsByAttribute('id',id)[0];
					]]>
				</body>
			</method>
		</implementation>
		
		<content>
			<xul:vbox xbl:inherits="flex">
				<xul:textbox id="noteField" type="styled" mode="note"
					timeout="1000" flex="1" hidden="true"/>
				<xul:textbox id="noteFieldReadOnly" type="styled" mode="note"
					readonly="true" flex="1" hidden="true"/>
				<xul:hbox id="linksbox" hidden="true">
					<xul:linksbox id="links" flex="1" xbl:inherits="notitle"/>
				</xul:hbox>
				<xul:button id="goButton" hidden="true"/>
			</xul:vbox>
		</content>
	</binding>
	
	
	<binding id="links-box">
		<implementation> 
			<field name="itemRef"/>
			<property name="item" onget="return this.itemRef;">
				<setter>
					<![CDATA[
						this.itemRef = val;
						
						this.id('tags').item = this.item;
						this.updateTagsSummary();
						this.id('seeAlso').item = this.item;
						this.updateSeeAlsoSummary();
					]]>
				</setter>
			</property>
			<property name="mode">
				<setter>
				<![CDATA[
					this.id('seeAlso').mode = val;
					this.id('tags').mode = val;
				]]>
				</setter>
			</property>
			<field name="_parent"/>
			<property name="parent" onget="return this._parent;">
				<setter>
				<![CDATA[
					this._parent = val;
					
					var parentText = this.id('parentText');
					if (parentText.firstChild) {
						parentText.removeChild(parentText.firstChild);
					}
					
					if (this._parent && this.getAttribute('notitle') != '1') {
						this.id('parent-row').hidden = undefined;
						this.id('parentLabel').value = Zotero.getString('pane.item.parentItem');
						parentText.appendChild(document.createTextNode(this._parent.getDisplayTitle(true)));
					}
				]]>
				</setter>
			</property>
			<method name="tagsClick">
				<body>
					<![CDATA[
						this.id('tags').reload();
						var x = this.boxObject.screenX;
						var y = this.boxObject.screenY;
						this.id('tagsPopup').openPopupAtScreen(x, y, false);
					]]>
				</body>
			</method>
			<method name="updateTagsSummary">
				<body>
					<![CDATA[
						var v = this.id('tags').summary;
						
						if (!v || v == "") {
							v = "[" + Zotero.getString('pane.item.noteEditor.clickHere') + "]";
						}
						
						this.id('tagsLabel').value = Zotero.getString('itemFields.tags')
							+ Zotero.getString('punctuation.colon');
						this.id('tagsClick').value = v;
					]]>
				</body>
			</method>
			<method name="seeAlsoClick">
				<body>
					<![CDATA[
						var relatedList = this.item.relatedItemsBidirectional;
						if (relatedList.length > 0) {
							var x = this.boxObject.screenX;
							var y = this.boxObject.screenY;
							this.id('seeAlsoPopup').openPopupAtScreen(x, y, false);
						}
						else {
							this.id('seeAlso').add();
						}
					]]>
				</body>
			</method>
			<method name="updateSeeAlsoSummary">
				<body>
					<![CDATA[
						var v = this.id('seeAlso').summary;
						
						if (!v || v == "") {
							v = "[" + Zotero.getString('pane.item.noteEditor.clickHere') + "]";
						}
						
						this.id('seeAlsoLabel').value = Zotero.getString('itemFields.related')
							+ Zotero.getString('punctuation.colon');
						this.id('seeAlsoClick').value = v;
					]]>
				</body>
			</method>
			<method name="parentClick">
				<body>
				<![CDATA[
					if (!this.item || !this.item.id) {
						return;
					}
					
					if (document.getElementById('zotero-pane')) {
						var zp = ZoteroPane;
					}
					else {
						var wm = Components.classes["@mozilla.org/appshell/window-mediator;1"]
									   .getService(Components.interfaces.nsIWindowMediator);
						
						var lastWin = wm.getMostRecentWindow("navigator:browser");
						
						if (!lastWin) {
							var lastWin = window.open();
						}
						
						if (lastWin.ZoteroOverlay && !lastWin.ZoteroPane.isShowing()) {
							lastWin.ZoteroOverlay.toggleDisplay(true);
						}
						
						var zp = lastWin.ZoteroPane;
					}
					
					var parentID = this.item.getSource();
					zp.clearQuicksearch();
					zp.selectItem(parentID);
				]]>
				</body>
			</method>
			<method name="id">
				<parameter name="id"/>
				<body>
					<![CDATA[
						return document.getAnonymousNodes(this)[0].getElementsByAttribute('id',id)[0];
					]]>
				</body>
			</method>
		</implementation>
		<content>
			<xul:vbox xbl:inherits="flex">
				<xul:grid>
					<xul:columns>
						<xul:column/>
						<xul:column flex="1"/>
					</xul:columns>
					<xul:rows>
						<xul:row id="parent-row" hidden="true">
							<xul:label id="parentLabel"/>
							<xul:label id="parentText" class="zotero-clicky" crop="end" onclick="document.getBindingParent(this).parentClick();"/>
						</xul:row>
						<xul:row>
							<xul:label id="seeAlsoLabel"/>
							<xul:label id="seeAlsoClick" class="zotero-clicky" crop="end" onclick="document.getBindingParent(this).seeAlsoClick();"/>
						</xul:row>
						<xul:row>
							<xul:label id="tagsLabel"/>
							<xul:label id="tagsClick" class="zotero-clicky" crop="end" onclick="document.getBindingParent(this).tagsClick();"/>
						</xul:row>
					</xul:rows>
				</xul:grid>
				<xul:popupset>
					<xul:menupopup id="seeAlsoPopup" width="300" onpopupshowing="this.firstChild.reload();">
						<xul:seealsobox id="seeAlso" flex="1"/>
					</xul:menupopup>
					<!-- The onpopup* stuff is an ugly hack to keep track of when the
					popup is open (and not the descendent autocomplete popup, which also
					seems to get triggered by these events for reasons that are less than
					clear) so that we can manually refresh the popup if it's open after
					autocomplete is used to prevent it from becoming unresponsive
					
					Note: Code in tagsbox.xml is dependent on the DOM path between the
					tagsbox and tagsLabel above, so be sure to update fixPopup() if it changes
					-->
					<xul:menupopup id="tagsPopup" ignorekeys="true"
							onpopupshown="if (!document.commandDispatcher.focusedElement || document.commandDispatcher.focusedElement.tagName=='xul:label'){ /* DEBUG: it would be nice to make this work -- if (this.firstChild.count==0){ this.firstChild.new(); } */ this.setAttribute('showing', 'true'); }"
							onpopuphidden="if (!document.commandDispatcher.focusedElement || document.commandDispatcher.focusedElement.tagName=='xul:label'){ this.setAttribute('showing', 'false'); }">
						<xul:tagsbox id="tags" flex="1" mode="edit"/>
					</xul:menupopup>
				</xul:popupset>
			</xul:vbox>
		</content>
	</binding>
</bindings>