<?xml version="1.0"?>
<!--
    ***** BEGIN LICENSE BLOCK *****
    
    Copyright © 2009 Center for History and New Media
                     George Mason University, Fairfax, Virginia, USA
                     http://zotero.org
    
    This file is part of Zotero.
    
    Zotero is free software: you can redistribute it and/or modify
    it under the terms of the GNU Affero General Public License as published by
    the Free Software Foundation, either version 3 of the License, or
    (at your option) any later version.
    
    Zotero is distributed in the hope that it will be useful,
    but WITHOUT ANY WARRANTY; without even the implied warranty of
    MERCHANTABILITY or FITNESS FOR A PARTICULAR PURPOSE.  See the
    GNU Affero General Public License for more details.
    
    You should have received a copy of the GNU Affero General Public License
    along with Zotero.  If not, see <http://www.gnu.org/licenses/>.
    
    ***** END LICENSE BLOCK *****
-->
<?xml-stylesheet href="chrome://zotero/skin/overlay.css" type="text/css"?>
<!DOCTYPE bindings SYSTEM "chrome://zotero/locale/zotero.dtd">

<bindings xmlns="http://www.mozilla.org/xbl"
		  xmlns:xbl="http://www.mozilla.org/xbl">

	<binding id="tag-selector">
		<resources>
			<stylesheet src="chrome://zotero/skin/bindings/tagselector.css"/>
			<stylesheet src="chrome://zotero-platform/content/tagselector.css"/>
		</resources>
		
		<implementation>
			<field name="_initialized">false</field>
			<field name="_notifierID">false</field>
			<field name="_tags">null</field>
			<field name="_dirty">null</field>
			<field name="_emptyColored">null</field>
			<field name="_emptyRegular">null</field>
			<field name="selection"/>
			
			<!-- Modes are predefined settings groups for particular tasks -->
			<field name="_mode">"view"</field>
			<property name="mode" onget="return this._mode;">
				<setter>
				<![CDATA[
					this.clickable = false;
					this.editable = false;
					
					switch (val) {
						case 'view':
							break;
						
						case 'edit':
							this.clickable = true;
							this.editable = true;
							//this.clickHandler = this.showEditor;
							//this.blurHandler = this.hideEditor;
							break;
						
						default:
							throw ("Invalid mode '" + val + "' in tagselector.xml");
					}
					
					this._mode = val;
					document.getAnonymousNodes(this)[0].setAttribute('mode', val);
				]]>
				</setter>
			</property>
			
			<field name="_libraryID"/>
			<property name="libraryID" onget="return this._libraryID">
				<setter>
				<![CDATA[
					// TEMP: libraryIDInt
					val = val ? parseInt(val) : 0;
					
					if (this._libraryID != val) {
						this._dirty = true;
					}
					this._libraryID = val;
				]]>
				</setter>
			</property>
			
			<property name="showAutomatic" onget="return this.getAttribute('showAutomatic') != 'false'"/>
			<property name="_types">
				<getter>
					<![CDATA[
					var types = [0];
					if (this.showAutomatic) {
						types.push(1);
					}
					return types;
					]]>
				</getter>
			</property>
			
			<field name="_search">null</field>
			<method name="setSearch">
				<parameter name="val"/>
				<parameter name="skipRefresh"/>
				<body>
				<![CDATA[
					this._search = val
						? val.toLowerCase().normalize()
						: false;
					
					if (!skipRefresh) {
						this.refresh();
					}
				]]>
				</body>
			</method>
			
			<field name="_hasScope">false</field>
			<field name="_scope">null</field>
			<property name="scope" onget="return this._scope">
				<setter>
				<![CDATA[
					if (val && !Zotero.Utilities.isEmpty(val)) {
						this._hasScope = true;
						this._scope = val;
					}
					else {
						this._hasScope = false;
						this._scope = {};
					}
					
					this.refresh();
				]]>
				</setter>
			</property>
			
			<property name="filterToScope">
				<getter>
				<![CDATA[
					// Default is to filter, so test for explicit 'false'
					return this.getAttribute('filterToScope') != 'false';
				]]>
				</getter>
				<setter>
				<![CDATA[
					this.setAttribute('filterToScope', val);
					this.refresh();
				]]>
				</setter>
			</property>
			
			<constructor>
				<![CDATA[
					this.id('show-automatic').setAttribute('checked', this.showAutomatic);
					this.id('display-all-tags').setAttribute('checked', !this.filterToScope);
					this.dragObserver = new this._dragObserverConstructor;
				]]>
			</constructor>
			
			
			<method name="init">
				<body>
				<![CDATA[
					this._initialized = true;
					this.selection = {};
					this._notifierID = Zotero.Notifier.registerObserver(this, ['collection-item', 'item-tag', 'tag', 'setting']);
				]]>
				</body>
			</method>
			
			
			<method name="uninit">
				<body>
				<![CDATA[
					if (!this._initialized) {
						return;
					}
					
					this._initialized = false;
					this.unregister();
					this.selection = {};
					this.doCommand();
				]]>
				</body>
			</method>
			
			
			<method name="unregister">
				<body>
				<![CDATA[
					if (this._notifierID) {
						Zotero.Notifier.unregisterObserver(this._notifierID);
					}
				]]>
				</body>
			</method>
			
			
			<method name="refresh">
				<parameter name="fetch"/>
				<body>
				<![CDATA[
					if (!this._initialized) {
						this.init();
						fetch = true;
					}
					
					Zotero.debug('Refreshing tags selector');
					var emptyColored = true;
					var emptyRegular = true;
					var tagsToggleBox = this.id('tags-toggle');
					
					var self = this;
					Zotero.Tags.getColors(this.libraryID)
					.then(function (tagColors) {
						if (fetch || self._dirty) {
							self._tags = Zotero.Tags.getAll(self._types, self.libraryID);
							
							// Remove children
							tagsToggleBox.textContent = "";
							
							// Sort by name
							var orderedTags = [];
							var collation = Zotero.getLocaleCollation();
							for (let tagID in self._tags) {
								orderedTags.push(self._tags[tagID])
							}
							orderedTags.sort(function(a, b) {
								return collation.compareString(1, a.name, b.name);
							});
							
							var tagColorsLowerCase = {};
							var colorTags = [];
							for (let name in tagColors) {
								colorTags[tagColors[name].position] = name;
								tagColorsLowerCase[name.toLowerCase()] = true;
							}
							var positions = Object.keys(colorTags);
							for (let i=positions.length-1; i>=0; i--) {
								let name = colorTags[positions[i]];
								let ids = Zotero.Tags.getIDs(name, self.libraryID);
								orderedTags.unshift({
									id: ids ? ids.join('-') : null,
									name: name,
									type: 0,
									hasColor: true
								});
							}
							
							var lastTag;
							for (let i=0; i<orderedTags.length; i++) {
								let tagObj = orderedTags[i];
								
								// Skip colored tags in the regular section,
								// since we add them to the beginning above
								if (!tagObj.hasColor && tagColorsLowerCase[tagObj.name.toLowerCase()]) {
									continue;
								}
								
								let tagButton = self._makeClickableTag(orderedTags[i], lastTag, self.editable);
								if (tagButton) {
									tagButton.addEventListener('click', function(event) {
										self.handleTagClick(event, this);
									});
									if (self.editable) {
										tagButton.addEventListener('dragover', self.dragObserver.onDragOver);
										tagButton.addEventListener('dragexit', self.dragObserver.onDragExit);
										tagButton.addEventListener('drop', self.dragObserver.onDrop, true);
									}
									lastTag = tagButton;
									tagsToggleBox.appendChild(tagButton);
								}
							}
							self._dirty = false;
						}
						
						var searchTags = self._search ? Zotero.Tags.search(self._search) : {};
						
						// Set attributes
						var colorTags = {};
						var labels = tagsToggleBox.getElementsByTagName('label');
						for (let i=0; i<labels.length; i++) {
							var tagIDs = labels[i].getAttribute('tagID');
							tagIDs = tagIDs ? tagIDs.split('-') : [];
							
							let name = labels[i].value;
							let lcname = name.toLowerCase();
							
							let colorData = tagColors[name];
							if (colorData) {
								labels[i].setAttribute(
									'style', 'color:' + colorData.color + '; ' + 'font-weight: bold'
								);
							}
							else {
								labels[i].removeAttribute('style');
							}
							
							// Restore selection
							if (self.selection[name]){
								labels[i].setAttribute('selected', 'true');
							}
							else {
								labels[i].setAttribute('selected', 'false');
							}
							
							// Check tags against search
							if (self._search) {
								var inSearch = false;
								if (tagIDs.length) {
									for (let i=0; i<tagIDs.length; i++) {
										if (searchTags[tagIDs[i]]) {
											inSearch = true;
											break;
										}
									}
								}
								// For colored tags, compare by name
								else if (lcname.indexOf(self._search) != -1) {
									inSearch = true;
								}
							}
							
							// Check tags against scope
							if (self._hasScope) {
								var inScope = false;
								for (let i=0; i<tagIDs.length; i++) {
									if (self._scope[tagIDs[i]]) {
										inScope = true;
										break;
									}
								}
							}
							
							// If not in search, hide
							if (self._search && !inSearch) {
								labels[i].setAttribute('hidden', true);
							}
							else if (self.filterToScope) {
								if (self._hasScope && inScope) {
									labels[i].className = 'zotero-clicky';
									labels[i].setAttribute('inScope', true);
									labels[i].setAttribute('hidden', false);
									emptyRegular = false;
								}
								else {
									labels[i].className = '';
									labels[i].setAttribute('hidden', true);
									labels[i].setAttribute('inScope', false);
								}
							}
							// Display all
							else {
								if (self._hasScope && inScope) {
									labels[i].className = 'zotero-clicky';
									labels[i].setAttribute('inScope', true);
								}
								else {
									labels[i].className = '';
									labels[i].setAttribute('inScope', false);
								}
								
								labels[i].setAttribute('hidden', false);
								emptyRegular = false;
							}
							
							// Always show colored tags at top, unless they
							// don't match an active tag search
							if (colorData && (!self._search || inSearch)) {
								labels[i].setAttribute('hidden', false);
								labels[i].setAttribute('hasColor', true);
								emptyColored = false;
							}
							else {
								labels[i].removeAttribute('hasColor');
							}
						}
						
						//start tag cloud code
						
						var tagCloud = Zotero.Prefs.get('tagCloud');
						
						if(tagCloud) {
							var labels = tagsToggleBox.getElementsByTagName('label');
						
							//loop through displayed labels and find number of linked items
							var numlinked= [];
							for (var i=0; i<labels.length; i++){
								if(labels[i].getAttribute("hidden") != 'true') {
									var tagIDs = labels[i].getAttribute('tagID').split('-');
									
									
									//replace getLinkedItems() with function that gets linked items within the current collection
									var linked = self._tags[tagIDs[0]].getLinkedItems();
									
									numlinked.push(parseInt(linked.length));
								}	
							}
							//
							numlinked.sort();
							
							//Get number of attached items from tag with fewest items
							var min = numlinked[0];
							
							//Get number of attached items from tag with most items
							var max = numlinked.pop();
							numlinked.push(max);
							
							//Create array of possible tag text sizes
							var sizes = ["11", "12", "13", "14", "15", "16", "17", "18", "19","20","21","22"];
							
							//Number of possible tag sizes
							var categories = sizes.length;
							
							//inc is the size of each size category of tags, in terms of the number of attached items
							var inc = Math.ceil((max-min)/categories);
							if(inc<1) {
								inc = 1;
							}
							
							for (var i=0; i<labels.length; i++){
								if(labels[i].getAttribute("hidden") != 'true') {
									var tagIDs = labels[i].getAttribute('tagID').split('-');
									
									
									//replace getLinkedItems() with function that gets linked items within the current collection
									var linked = self._tags[tagIDs[0]].getLinkedItems();
									
									numlink = linked.length;
									
									//range is the difference between how many items this tag has and how many items the smallest tag has
									var range=(numlink-min);
									
									//Divide the range by the size of the categories
									s=range/inc;
									
									if(s==categories) {
										s=categories-1;
									}
									var stylestr = 'font-size:'+sizes[s]+'px;';
									labels[i].setAttribute('style',stylestr);
								}
							}
						}
						
						//end tag cloud code
						
						self.updateNumSelected();
						self._emptyColored = emptyColored;
						self._emptyRegular = emptyRegular;
						var empty = emptyColored && emptyRegular;
						self.id('tags-toggle').setAttribute('collapsed', empty);
						self.id('no-tags-box').setAttribute('collapsed', !empty);
						
						if (self.onRefresh) {
							self.onRefresh();
							self.onRefresh = null;
						}
					})
					.done();
				]]>
				</body>
			</method>
			
			
			<method name="getNumSelected">
				<body>
				<![CDATA[
					var count = 0;
					for (var i in this.selection) {
						count++;
					}
					return count;
				]]>
				</body>
			</method>
			
			
			<method name="updateNumSelected">
				<body>
				<![CDATA[
					var count = this.getNumSelected();
					
					switch (count) {
						case 0:
							var mod = 'none';
							break;
						case 1:
							var mod = 'singular';
							break;
						default:
							var mod = 'plural';
					}
					
					this.id('num-selected').label = Zotero.getString('pane.tagSelector.numSelected.' + mod, [count]);
					this.id('deselect-all').disabled = count == 0;
				]]>
				</body>
			</method>
			
			<field name="_notified"/>
			<method name="notify">
				<parameter name="event"/>
				<parameter name="type"/>
				<parameter name="ids"/>
				<body>
				<![CDATA[
					if (type == 'setting') {
						if (ids.some(function (val) val.split("/")[1] == 'tagColors')) {
							this.refresh(true);
						}
						return;
					}
					
					var itemGroup = ZoteroPane_Local.getItemGroup();
					
					// Ignore anything other than deletes in duplicates view
					if (itemGroup.isDuplicates()) {
						switch (event) {
							case 'delete':
							case 'trash':
								break;
							
							default:
								return;
						}
					}
					
					// If a selected tag no longer exists, deselect it
					if (event == 'delete') {
						this._tags = Zotero.Tags.getAll(this._types, this.libraryID);
						
						for (var tag in this.selection) {
							for each(var tag2 in this._tags) {
								if (tag == tag2) {
									var found = true;
									break;
								}
							}
							if (!found) {
								delete this.selection[tag];
							}
						}
					}
					
					if(this._notified) return;
					
					var me = this;
					window.setTimeout(function() {
						me._notified = false;
						
						// This could be more optimized to insert new/changed tags at the appropriate
						// spot if we cared, but we probably don't
						var t = me.id('tags-search').inputField;
						if (t.value) {
							me.setSearch(t.value, true);
						}
						else {
							me.setSearch(false, true);
						}
						me._dirty = true;
						
						// This is a hack, but set this to run after the refresh,
						// since _emptyRegular isn't set until then
						me.onRefresh = function () {
							// If no regular tags visible after a delete, deselect all.
							// This is necessary so that a selected tag that's removed
							// from its last item doesn't cause all regular tags to
							// disappear without anything being visibly selected.
							if ((event == 'remove' || event == 'delete') &&
									me._emptyRegular && me.getNumSelected()) {
								Zotero.debug('No tags visible after delete -- deselecting all');
								me.clearAll();
							}
						};
						
						me.doCommand();
					}, 0);
					this._notified = true;
				]]>
				</body>
			</method>
			
			
			<!-- Not currently used -->
			<method name="selectVisible">
				<body>
					<![CDATA[
						var tagsToggleBox = this.id('tags-toggle');
						
						var labels = tagsToggleBox.getElementsByTagName('label');
						for (var i=0; i<labels.length; i++){
							if (labels[i].getAttribute('hidden') != 'true'
								 && labels[i].getAttribute('inScope') == 'true') {
								labels[i].setAttribute('selected', 'true');
								this.selection[labels[i].value] = true;
							}
						}
					]]>
				</body>
			</method>
			
			
			<method name="clearVisible">
				<body>
					<![CDATA[
						var tagsToggleBox = this.id('tags-toggle');
						
						var labels = Zotero.Utilities.xpath(tagsToggleBox, 'label[@selected="true"]');
						for (var i=0; i<labels.length; i++){
							var label = labels[i];
							label.setAttribute('selected', 'false');
							delete this.selection[label.value];
						}
						
						this.doCommand();
					]]>
				</body>
			</method>
			
			
			<method name="clearAll">
				<body>
					<![CDATA[
						this.selection = {};
						this.clearVisible();
					]]>
				</body>
			</method>
			
			
			<method name="handleKeyPress">
				<parameter name="clear"/>
				<body>
					<![CDATA[
						var textbox = this.id('tags-search');
						var t = textbox.inputField;
						
						if (typeof clear != 'undefined') {
							if (clear){
								t.value = '';
								this.setSearch();
								return false;
							}
							else {
								return true;
							}
						}
						
						if (t.value) {
							this.setSearch(t.value);
						}
						else {
							this.setSearch();
						}
						return true;
					]]>
				</body>
			</method>
			
			
			<method name="handleTagClick">
				<parameter name="event"/>
				<parameter name="label"/>
				<body>
					<![CDATA[
						if (event.button != 0) {
							return;
						}
						
						// Ignore clicks on tags not in scope
						if (label.getAttribute('inScope') == 'false') {
							return;
						}
						
						// Deselect
						if (label.getAttribute('selected')=='true'){
							delete this.selection[label.value];
							label.setAttribute('selected', 'false');
						}
						// Select
						else {
							this.selection[label.value] = true;
							label.setAttribute('selected', 'true');
						}
						
						this.doCommand();
						
						this.updateNumSelected();
					]]>
				</body>
			</method>
			
			
			<method name="rename">
				<parameter name="oldName"/>
				<body>
				<![CDATA[
					var promptService = Components.classes["@mozilla.org/embedcomp/prompt-service;1"]
						.getService(Components.interfaces.nsIPromptService);
					
					var newName = { value: oldName };
					var result = promptService.prompt(window,
						Zotero.getString('pane.tagSelector.rename.title'),
						Zotero.getString('pane.tagSelector.rename.message'),
						newName, '', {});
					
					if (!result || !newName.value || oldName == newName.value) {
						return;
					}
					
					// Get current tagIDs with the old name
					var tagIDs = Zotero.Tags.getIDs(oldName, this.libraryID) || [];
					if (tagIDs.length) {
						if (this.selection[oldName]) {
							var wasSelected = true;
							delete this.selection[oldName];
						}
						
						// TODO: redo transaction for async DB
						var promises = [];
						Zotero.DB.beginTransaction();
						
						for (var i=0; i<tagIDs.length; i++) {
							promises.push(Zotero.Tags.rename(tagIDs[i], newName.value));
						}
						
						if (wasSelected) {
							this.selection[newName.value] = true;
						}
						Zotero.DB.commitTransaction();
						Q.all(promises)
						.done();
					}
					// Colored tags don't need to exist, so in that case
					// just rename the color setting
					else {
						var self = this;
						Zotero.Tags.getColor(this.libraryID, oldName)
						.then(function (color) {
							if (color) {
								if (self.selection[oldName]) {
									var wasSelected = true;
									delete self.selection[oldName];
								}
								
								return Zotero.Tags.setColor(
									self.libraryID, oldName, false
								)
								.then(function () {
									return Zotero.Tags.setColor(
										self.libraryID, newName, color
									)
									.then(function () {
										if (wasSelected) {
											self.selection[newName.value] = true;
										}
									});
								});
							}
							else {
								throw new Error("Can't rename missing tag");
							}
						})
						.done();
					}
				]]>
				</body>
			</method>
			
			
			<method name="delete">
				<parameter name="name"/>
				<body>
				<![CDATA[
					var promptService = Components.classes["@mozilla.org/embedcomp/prompt-service;1"]
						.getService(Components.interfaces.nsIPromptService);
					
					var confirmed = promptService.confirm(window,
						Zotero.getString('pane.tagSelector.delete.title'),
						Zotero.getString('pane.tagSelector.delete.message'));
					
					if (confirmed) {
						Zotero.DB.beginTransaction();
						
						// Add other ids with same tag
						var ids = Zotero.Tags.getIDs(name, this.libraryID);
						var tagIDs = [];
						for each(var id in ids) {
							if (tagIDs.indexOf(id) == -1) {
								tagIDs.push(id);
							}
						}
						
						if (tagIDs.length) {
							Zotero.Tags.erase(tagIDs);
							Zotero.Tags.purge(tagIDs);
						}
						
						Zotero.DB.commitTransaction()
						
						// If only a tag color setting, remove that
						if (!tagIDs.length) {
							Zotero.Tags.setColor(this.libraryID, name, false);
						}

					}
				]]>
				</body>
			</method>
			
			<method name="getColor">
				<parameter name="tagIDs"/>
				<body>
				<![CDATA[
					tagIDs = tagIDs.split('-');
					var name = Zotero.Tags.getName(tagIDs[0]);
					return Zotero.Tags.getColor(this.libraryID, name)
					.then(function (colorData) {
						return colorData ? colorData.color : '#000000';
					});
				]]>
				</body>
			</method>
			
			
			<method name="_makeClickableTag">
				<parameter name="tagObj"/>
				<parameter name="lastTag"/>
				<parameter name="editable"/>
				<body>
				<![CDATA[
					var tagID = tagObj.id, tagName = tagObj.name, tagType = tagObj.type;
					// If the last tag was the same, add this tagID and tagType to it
					if(lastTag && lastTag.value === tagName) {
						lastTag.setAttribute('tagID', lastTag.getAttribute('tagID') + '-' + tagID);
						lastTag.setAttribute('tagType', lastTag.getAttribute('tagType') + '-' + tagType);
						return false;
					}
					
					var label = document.createElement('label');
					
					label.setAttribute('value', tagName);
					// Not used for color tags
					if (tagID) {
						label.setAttribute('tagID', tagID);
					}
					label.setAttribute('tagType', tagType);
					if (editable) {
						label.setAttribute('context', 'tag-menu');
					}
					return label;
				]]>
				</body>
			</method>
			
			
			<method name="_openColorPickerWindow">
				<parameter name="name"/>
				<body>
				<![CDATA[
					var io = {
						libraryID: this.libraryID,
						name: name
					};
					
					var self = this;
					Zotero.Tags.getColors(this.libraryID)
					.then(function (tagColors) {
						if (Object.keys(tagColors).length >= Zotero.Tags.MAX_COLORED_TAGS && !tagColors[io.name]) {
							var ps = Components.classes["@mozilla.org/embedcomp/prompt-service;1"]
								.getService(Components.interfaces.nsIPromptService);
							ps.alert(null, "", Zotero.getString('pane.tagSelector.maxColoredTags', Zotero.Tags.MAX_COLORED_TAGS));
							return;
						}
						
						window.openDialog(
							'chrome://zotero/content/tagColorChooser.xul',
							"zotero-tagSelector-colorChooser",
							"chrome,modal,centerscreen", io
						);
						
						// Dialog cancel
						if (typeof io.color == 'undefined') {
							return;
						}
						
						return Zotero.Tags.setColor(self.libraryID, io.name, io.color, io.position);
					})
					.done();
				]]>
				</body>
			</method>
			
			
			<method name="focusTextbox">
				<body>
					<![CDATA[
						this.id('tags-search').focus();
					]]>
				</body>
			</method>
			
			
			<property name="dragObserver"/>
			<method name="_dragObserverConstructor">
				<body>
				<![CDATA[
					this.onDragOver = function (event) {
						//Zotero.debug(event.dataTransfer.mozTypesAt(0));
						if (!event.dataTransfer.getData('zotero/item')) {
							return;
						}
						
						/*
						// TODO: get drop data
						var ids = dropData.data.split(',');
						var items = Zotero.Items.get(ids);
						for (var i=0; i<items.length; i++) {
							if (!Zotero.Items.isEditable(items[i])) {
								return true;
							}
						}
						*/
						
						event.target.setAttribute('draggedOver', true);
						event.preventDefault();
						event.effectAllowed = event.dropEffect = "link";
					}
					
					this.onDragExit = function (event) {
						event.target.setAttribute('draggedOver', false);
					}
					
					
					this.onDrop = function (event) {
						var node = event.target;
						node.setAttribute('draggedOver', false);
						
						var dt = event.dataTransfer;
						var ids = dt.getData('zotero/item');
						if (!ids) {
							return;
						}
						
						Zotero.DB.beginTransaction();
						
						ids = ids.split(',');
						var items = Zotero.Items.get(ids);
						
						// Find a manual tag if there is one
						var tagID = null;
						var tagIDs = node.getAttribute('tagID');
						tagIDs = tagIDs ? node.getAttribute('tagID').split(/\-/) : [];
						var tagTypes = node.getAttribute('tagType').split(/\-/);
						for (var i=0; i<tagIDs.length; i++) {
							if (tagTypes[i] == 0) {
								tagID = Zotero.Tags.get(tagIDs[i]).id
								break;
							}
						}
						
						// Otherwise use value
						if (!tagID) {
							var value = node.getAttribute('value');
						}
						
						for each(var item in items) {
							if (tagID) {
								item.addTagByID(tagID);
							}
							else {
								item.addTag(value);
							}
						}
						
						Zotero.DB.commitTransaction();
					}
				]]>
				</body>
			</method>
			
			
			<method name="id">
				<parameter name="id"/>
				<body>
					<![CDATA[
						return document.getAnonymousNodes(this)[0].getElementsByAttribute('id',id)[0];
					]]>
				</body>
			</method>
		</implementation>
		
		<content>
			<groupbox xmlns="http://www.mozilla.org/keymaster/gatekeeper/there.is.only.xul" flex="1">
				<menupopup id="tag-menu">
					<menuitem label="&zotero.tagSelector.assignColor;"
						oncommand="_openColorPickerWindow(document.popupNode.getAttribute('value')); event.stopPropagation()"/>
					<menuitem label="&zotero.tagSelector.renameTag;"
						oncommand="document.getBindingParent(this).rename(document.popupNode.getAttribute('value')); event.stopPropagation()"/>
					<menuitem label="&zotero.tagSelector.deleteTag;"
						oncommand="document.getBindingParent(this).delete(document.popupNode.getAttribute('value')); event.stopPropagation()"/>
				</menupopup>
				
				<vbox id="no-tags-box" align="center" pack="center" flex="1">
					<label value="&zotero.tagSelector.noTagsToDisplay;"/>
				</vbox>
				
				<vbox id="tags-toggle" flex="1"/>
				
				<vbox id="tag-controls">
					<hbox>
						<!-- TODO: &zotero.tagSelector.filter; is now unused -->
						<textbox id="tags-search" flex="1" type="search" timeout="250" dir="reverse"
							oncommand="document.getBindingParent(this).handleKeyPress(); event.stopPropagation()"
							onkeypress="if (event.keyCode == event.DOM_VK_ESCAPE) { document.getBindingParent(this).handleKeyPress(true); }"/>
						<toolbarbutton id="view-settings-menu" tooltiptext="&zotero.toolbar.actions.label;"
								image="chrome://zotero/skin/tag-selector-menu.png" type="menu">
							<menupopup id="view-settings-popup"
									onpopupshown="/*
											This is necessary to fix a bug with Display All Tags not
											being checked if enabled before menuu is shown (OS X only?)
										*/
										document.getElementById('show-automatic').setAttribute('checked', document.getBindingParent(this).showAutomatic);
										document.getElementById('display-all-tags').setAttribute('checked', !document.getBindingParent(this).filterToScope);">
								<menuitem id="num-selected" disabled="true"/>
								<menuitem id="deselect-all" label="&zotero.tagSelector.clearAll;"
									oncommand="document.getBindingParent(this).clearAll(); event.stopPropagation();"/>
								<menuseparator/>
								<menuitem id="show-automatic" label="&zotero.tagSelector.showAutomatic;" type="checkbox"
									oncommand="var ts = document.getBindingParent(this);
										ts._dirty = true;
										var showAutomatic = this.getAttribute('checked') == 'true';
										ts.setAttribute('showAutomatic', showAutomatic);
										this.setAttribute('checked', showAutomatic);"/>
								<menuitem id="display-all-tags" label="&zotero.tagSelector.displayAllInLibrary;" type="checkbox"
									oncommand="var displayAll = this.getAttribute('checked') == 'true';
										this.setAttribute('checked', !displayAll);
										document.getBindingParent(this).filterToScope = !displayAll;
										event.stopPropagation();"/>
							</menupopup>
						</toolbarbutton>
					</hbox>
				</vbox>
			</groupbox>
		</content>
	</binding>
</bindings>
